acc,ARI
0.7676329605112988,0.6469506052137394
