acc,ARI
0.9872068230277186,0.976162608081533
